,Graph_i,Count,Rate
0,0,48,0.4
1,1,56,0.4666666666666667
2,2,60,0.5
3,3,38,0.31666666666666665
4,4,42,0.35
5,5,42,0.35
6,6,24,0.2
7,7,36,0.3
8,8,54,0.45
9,9,90,0.75
10,10,88,0.7333333333333333
11,11,66,0.55
12,12,78,0.65
13,13,80,0.6666666666666666
14,14,56,0.4666666666666667
15,15,56,0.4666666666666667
16,16,60,0.5
17,17,32,0.26666666666666666
18,18,24,0.2
19,19,48,0.4
20,20,120,1.0
