,Graph_i,Count,Rate
0,0,12,0.5
1,1,16,0.6666666666666666
2,2,16,0.6666666666666666
3,3,8,0.3333333333333333
4,4,12,0.5
5,5,24,1.0
